{"precomputed": {"a": "aux", "b": "bon", "c": "ces", "d": "des", "e": "est", "f": "fin", "g": "gaz", "h": "hui", "i": "ils", "j": "jeu", "k": "kit", "l": "les", "m": "moi", "n": "non", "o": "ont", "p": "pas", "q": "que", "r": "rue", "s": "sur", "t": "toi", "u": "une", "v": "vie", "w": "web", "y": "yen", "z": "zut", "0": "les"}, "words": {"aas": 0.4328972164382673, "ace": 1.449701118621812, "ada": 0.7369758024069266, "ado": 3.5797392828714965, "aga": 0.7742738533619743, "age": 12.495789957688416, "agi": 2.5942307787344854, "aid": 1.6695508378003947, "aie": 6.246433649158, "ail": 4.252583528476151, "air": 15.500639771742756, "ais": 2.002614957166421, "ait": 10.821798987845474, "ale": 0.8473881440441958, "alu": 1.652573750245356, "ame": 7.512886706630593, "ami": 10.708412580770318, "ana": 1.795559337179736, "ane": 2.7323860147009484, "ani": 0.6805145112339633, "ans": 32.85103194726157, "api": 2.88470102436977, "app": 5.719600801920824, "ara": 0.7235560333058756, "arc": 4.523777919689103, "are": 3.127389752919624, "arf": 4.811288808624982, "ars": 2.039248227492998, "art": 10.500490464735446, "asa": 0.9328629767191606, "ase": 0.6118006211176972, "aux": 43.81025374650703, "ave": 1.6487975416446172, "axa": 1.9893717601293128, "axe": 4.402374359365637, "ays": 0.03162277660168379, "bac": 6.612089936875732, "bah": 14.423695781594954, "bai": 0.827848617401354, "bal": 3.960732255530535, "ban": 2.8563496517991864, "bar": 6.836717048408541, "bas": 12.119411426852928, "bat": 5.248742706591742, "bau": 0.3916631205513228, "bea": 2.0076022182361393, "bec": 2.727941837112123, "bee": 1.4899776284673985, "bel": 6.902197717635547, "ben": 17.438403023212878, "ber": 0.5325723737984663, "beu": 0.5597023018236271, "bey": 0.7101643002385668, "bic": 1.2938186374707494, "bim": 2.5354683985409876, "bio": 6.141479192073085, "bip": 2.3205890056908682, "bis": 3.556562010331513, "bit": 4.972661929657662, "ble": 3.412550365928684, "boa": 0.9392017887546851, "bob": 3.5855125156663443, "bof": 4.700003546097953, "bog": 0.2501999200639361, "bol": 5.769156495248389, "bon": 37.83942036201577, "bop": 0.7789736837660179, "bot": 2.3864687999915972, "box": 4.49763641631172, "boy": 3.4000833323121165, "bru": 1.0355030983375504, "bue": 0.6827884006044624, "bug": 5.550927850368801, "bun": 0.843741666625514, "bus": 8.694007514757889, "but": 11.547185804342114, "bye": 4.057326706096023, "cab": 1.253927164285603, "caf": 2.299108522884468, "cal": 1.2138094304022082, "cap": 6.455635780721628, "car": 24.014206906190623, "cas": 22.215593622498588, "cep": 1.3682714155702687, "ces": 35.66102354111559, "cet": 21.106665613813405, "chu": 2.595919875496931, "cif": 0.6300529078312921, "cil": 0.8649855490122365, "cis": 0.697304333367672, "cle": 6.238544167779318, "cob": 0.6570388116390081, "coi": 0.7009992867328754, "col": 4.474311865154983, "com": 15.823680566374774, "con": 8.767453069924773, "coq": 2.3327022956219685, "cor": 1.5769168230019828, "cot": 0.6061902891556963, "cou": 4.102092961729008, "cox": 1.081988909370147, "cre": 1.2502666382282888, "cri": 3.8341535354408194, "cru": 7.972569640126492, "cul": 7.301006779890018, "cut": 1.8126224096595518, "dab": 1.2872969095485833, "dah": 0.5601785429664368, "dal": 1.3053096695165225, "dam": 2.124445025569423, "dan": 3.073092904550723, "dao": 0.730479294709987, "daw": 0.5368736660829374, "deb": 0.8818163074019442, "dej": 4.604132201982621, "del": 3.5270620446295906, "dem": 0.9210863151735564, "deo": 1.1893415545306292, "der": 2.368761983259047, "des": 110.725834383851, "dey": 0.425715084690845, "dia": 1.325304996343609, "din": 0.8351247411814198, "dip": 0.9332202312423366, "dis": 16.2455388748214, "dit": 27.985439666607586, "dix": 10.976933390827634, "doc": 4.626074649923698, "dol": 0.6281719509815764, "dom": 2.3239191035834272, "don": 6.362876707905003, "dop": 0.5174617538201898, "dos": 8.693633686017986, "dot": 1.2640806936267952, "dru": 0.7735631842325486, "dry": 0.9663850164401351, "dub": 1.287529934927081, "duc": 2.0671074798697173, "due": 3.962907182023487, "duo": 4.806395045492342, "dur": 12.064888450927898, "dus": 2.354322266244223, "dut": 2.376839638399416, "dzo": 0.03162277660168379, "eau": 15.215384757978791, "eco": 3.524154744994417, "ecu": 0.6132155684042385, "ego": 3.4602408394021746, "elu": 7.7403897404028275, "emu": 2.868501350879933, "eon": 0.7426529023260687, "epi": 1.2595766484550805, "ere": 4.452392615212635, "erg": 0.3142186075542525, "ers": 0.7547184905645283, "est": 116.95490541229982, "eta": 1.7346949779908474, "ete": 42.3272433939813, "eue": 1.8863721796082553, "euh": 8.820549869480928, "eus": 1.6466531713347128, "eut": 5.223255689701587, "eux": 17.065972967672643, "eve": 2.4867247535664254, "ewe": 0.20583164641683907, "exo": 1.1491881192099636, "fac": 4.8391562625455, "faf": 1.039631344916713, "fan": 8.45698724921194, "faq": 0.9646588343381647, "far": 1.66484233487739, "fat": 2.1451107197531787, "fax": 2.037015791134996, "fee": 3.171298367125574, "fer": 5.787857980289427, "feu": 11.894892461332581, "fez": 0.44094595284834326, "fia": 1.245672509129105, "fic": 0.6656074919450151, "fie": 1.309974554460251, "fil": 8.700787320696904, "fin": 25.10650181393922, "fis": 1.6416150584104665, "fit": 4.587588327941672, "fiu": 0.33461420571557726, "fix": 1.1887668680892256, "fla": 0.451811169996198, "fob": 0.28919428302325295, "foc": 0.33241540277189324, "fog": 0.913819821773782, "foi": 6.871479704789452, "fol": 0.8227393268830657, "fon": 0.7710598766200543, "for": 6.032945659736488, "fou": 9.974982038413236, "fox": 2.376201450494746, "fui": 2.2319199507748184, "fun": 5.419191206567022, "fur": 3.9174992022973023, "fus": 2.0289570391377603, "fut": 11.766191680686942, "gag": 1.5865686244219002, "gai": 1.6718652258281266, "gal": 0.9272360361130636, "gan": 1.452216696410468, "gap": 2.327717050387926, "gay": 4.313104063973726, "gaz": 7.248323944195651, "gel": 4.330157810827068, "geo": 1.9247597252644288, "gex": 0.7895146188218007, "ghi": 0.2433105012119288, "gif": 1.9482299658921172, "gin": 1.0977401028172986, "gis": 0.4099186911246343, "git": 2.1399454821716057, "glu": 0.48504295342440207, "goi": 0.09865765724632494, "gon": 0.45354161881794264, "gos": 0.6000277771348034, "goy": 0.667208113459861, "gre": 4.001795430387049, "gue": 0.8721811738394724, "gui": 1.2180038314115984, "gur": 0.2501999200639361, "gus": 1.432445461439981, "gym": 2.5509867371927544, "hai": 0.9903029839397638, "han": 4.624132351047058, "hem": 1.1712813496338104, "hep": 0.9204708939812636, "heu": 5.179613885223492, "hia": 0.1096965511460289, "hic": 2.301702268611936, "hie": 0.31612233918743127, "hip": 2.5389564785557077, "hit": 1.7730764224928377, "hop": 8.035124973099878, "hot": 2.907278223126687, "hou": 1.7419624948124839, "hua": 0.53113086899558, "hub": 1.372649506125532, "hue": 1.4238796765644677, "hui": 26.00207812207837, "hum": 6.939442821053191, "hun": 1.066770828247567, "ibn": 1.513142425550219, "ibo": 0.23245071162148187, "ici": 20.64795873688244, "ide": 1.3588966112254457, "ifs": 0.4655462741053067, "ile": 7.870446831872593, "ils": 40.53248368078785, "ion": 1.0094387879741231, "ipe": 0.3657412564459562, "ira": 5.7313116590649065, "ire": 1.2814184848570482, "iso": 1.6812792748380623, "ive": 1.3977243409676077, "ixa": 0.03162277660168379, "ixe": 1.274244874425634, "jab": 0.458948072589191, "jam": 1.9289375313887176, "jan": 2.0646791518296492, "jar": 0.6158192375472963, "jas": 0.3606013495999888, "jet": 3.218845548743628, "jeu": 16.120422864594257, "job": 5.814499118582786, "jus": 6.302049931040957, "kan": 2.370878880640398, "kas": 0.3317127271199182, "kat": 1.221379002057374, "kea": 0.39247080570831416, "ken": 2.2938831705211142, "ket": 0.25638512697372545, "khi": 0.15513435037626794, "kid": 2.171105709080053, "kif": 1.545973264106897, "kil": 1.5222133008659902, "kip": 0.22397916569776455, "kir": 0.742630459919333, "kit": 3.3383978193139296, "kob": 0.36124783736376886, "koi": 2.827006661942392, "kop": 0.6216912416947822, "kot": 0.3287856444554719, "kru": 0.1004987562112089,